Timestamp,Lembaga Anda,SKALA,Nama PIC,No WhatsApp,1. Total Penghimpunan Kurban (Rupiah),2. Total Pekurban (Orang),3. Total Penerima Manfaat (Orang),4. Total Domba/Kambing (Ekor),5. Total Sapi/Kerbau (ekor),6. Total Unta (ekor),7. Provinsi Penyaluran (Dalam Negeri),PROVINSI,8. Negara Penyaluran Kurban di Luar Negeri,NEGARA,9. Total Penghimpunan Kurban Tahun Sebelumnya (1446 H/2025) (Rupiah),Pertumbuhan
31/05/2026 8:13:44,LAZNAS IKADI,Nasional,Ryan,0811800759,2.567.525.000,1725,136.400,451,182,0,"DKI Jakarta
NTT
NTB
Sultra
Sulteng
Jabar
Jateng
DIY
Jatim
Sumut
Aceh
Sumbar",,Palestina,,0,0%
31/05/2026 8:25:03,Goedang Zakat Al- Khairaat,Kab/Kota,Syaiful ,085729105980,108.395.000,64,738,40,4,0,"Kota Yogyakarta, Sleman, Kulon Progo, Bantul, Gunung Kidul",,Palestina ,,105.285.000,3%
31/05/2026 8:28:22,LAZ As-Salam Timika,Kab/Kota,Arianto,085255110288,305.000.000,41,811,10,7,0,Papua Tengah,,,,275.000.000,11%
31/05/2026 8:42:22,Rumah Harapan,Kab/Kota,Agus Solihin,085771144404,383.000.000,218,11.200,303,6,0,"Jakarta, Jawa Barat, Jawa Timur, Kalimantan Selatan dan Kalimantan Timur",,,,325.000.000,18%
31/05/2026 8:53:06,Infaq Berkah,Kab/Kota,Lismayanti,085241717210,90.000.000,45,476,38,1,0,Jawa Barat,,,,78.000.000,15%
31/05/2026 9:04:58,LAZ Risalah Charity,Kab/Kota,Syafrianto,085263935325,584.200.000,194,3.200,5,27,0,Sumatera Barat,,,,526.400.000,11%
31/05/2026 10:05:17,Dompet Dhuafa,Nasional,Muhamad Arya Kurniawan ,081220077333,72.495.702.470,15496,2.504.748,15.637,1.851,47,"Jawa Timur
Jawa Tengah
Lampung
Jawa Barat
DI Yogyakarta
Banten
Riau
Sumatera Utara
Nusa Tenggara Timur
Maluku
Sulawesi Tenggara
Sulawesi Selatan
Sulawesi Tengah
Sulawesi Barat
Nusa Tenggara Barat
Maluku Utara
Papua Barat
Kalimantan Selatan
Kalimantan Barat
Aceh
Sumatera Barat
Sumatera Selatan
Kepulauan Riau
Kalimantan Timur
Sulawesi Utara
DKI Jakarta",,"Somalia, Palestina, Sudan, Myanmar",,63.149.566.611,15%
31/05/2026 10:11:08,Rumah Amal Salman,Nasional,Romi Hardiyansyah,6285284239760,5.568.264.633,1795,130.000,1.006,115,0,"Jambi
Papua Selatan
Sulawesi Tengah
Sulawesi Tenggara
Banten
Bengkulu
DI Yogyakarta
DK Jakarta
Gorontalo
Jawa Barat
Jawa Tengah
Jawa Timur
Kalimantan Barat
Kalimantan Selatan
Kalimantan Tengah
Lampung
Maluku
Nanggroe Aceh Darussalam
Nusa Tenggara Barat
Nusa Tenggara Timur
Papua Barat Daya
Riau
Sulawesi Barat
Sulawesi Selatan
Sumatera Selatan",,,,4.376.130.000,27%
31/05/2026 10:52:16,Indonesia Beramal Sholeh (IBS),Provinsi,Adi ,081322585911,262.044.178,173,10.620,152,3,0,"Jawa Barat, Jawa Tengah, Yogyakarta, Jawa Timur, Aceh, NTT ",,Uganda ,,0,0%
31/05/2026 11:17:51,LAZ Pundi Surga,Kab/Kota,Widya Kusumarwati,082322530816399,399.000.000,133,1.800,36,15,0,DIY,,Palestina,,230.000.000,73%
31/05/2026 11:18:51,LAZ Sahabat Kebaikan Umat (SAKU),Kab/Kota,Dryan Irsyad,0895401957136,95.899.000,23,1.148,3,4,0,Jawa Barat ,,,,38.925.000,146%
31/05/2026 13:01:58,LAZ Darul Hikam,Provinsi,Soleh,08979560174,2.193.400.000,386,16.946,155,69,0,"Jabar,sumatera, maluku",,,,907.500.000,142%
31/05/2026 13:23:43,Indonesia Berbagi,Kab/Kota,Ilham Fakhruddin Rabbani,081320223879,53.550.000,26,520,3,23,0,NTT dan Jawa Barat,,"Somalia, Sudan, Palestina",,114.700.000,-53%
31/05/2026 14:19:19,Amanah Takaful,Kab/Kota,Yasser Himawan,081387054156,100.200.000,38,755,24,2,0,5,,Palestina,,149.015.000,-33%
01/06/2026 13:23:58,BAMUIS BNI,Nasional,Afandi,082297011275,0,0,500,0,0,0,Manado,,,,0,0%
01/06/2026 14:14:27,LAZ Assyifa Peduli,Kab/Kota,Rini Nuraeni,085220942704,2.924.278.282,631,24.225,458,73,0,"Jawa Barat, Jakarta, Jawa Timur, NTT",,"Somalia, Madagaskar, Palestina",,2.566.880.090,14%
01/06/2026 16:14:42,LAZ Musa'adatul Ummah,Kab/Kota,Jujun Jamaludin,0852-2279-7197,391.740.000,91,1.000,70,5,0,Jawa Barat,,,,365.740.000,7%
01/06/2026 16:32:01,ZIS Yayasan Annur Insan Pembangkitan (YANIP),Nasional,Tarwaji,08128063505,455.000.000,128,1.990,23,15,0,"DKI Jakarta, Banten dan Jawa Barat",,,,912.000.000,-50%
01/06/2026 17:08:47,ALZIS Alwashliyah,Nasional,Illa,+62 813-8921-5041,317.450.000,26,7.600,28,14,0,"Jawa Barat , Banten , Papua Barat daya, Papua tengah ,NTT, Maluku, Sumatera Barat ,Aceh , Sumatera Utara",,,,170.000.000,87%
01/06/2026 17:12:45,Yayasan Rute Langkah Amanah,Kab/Kota,Qawah Sukmaedi,081264839549,6.490.011.000,230,137.750,177,536,0,"Banten, Jawa Barat, Jakarta, Nusa Tenggara Barat, Nusa Tenggara Timur, Aceh, Sumatera Barat, Sumatera Utara, Maluku, Maluku Utara, Sulawesi Tengah, Jawa Timur",,"Palestina, Somalia",,3.000.000.000,116%
01/06/2026 18:11:27,Al-Qoyyim Sukoharjo,Kab/Kota,IRFAN NUGROHO,6281216744418,435.700.000,169,3.200,85,13,0,"Jawa Tengah, Jawa timur, Aceh",,Palestina,,320.000.000,36%
01/06/2026 18:56:24,LAZ Lidzikri,Kab/Kota,Asis,089690516213,67.000.000,22,538,15,1,0,Jawa Barat,,,,83.020.000,-19%
01/06/2026 20:10:34,Pondok Sedekah Indonesia,Kab/Kota,Anton Budi Purnomo,085259556462,449.619.000,191,3.409,95,13,0,"Aceh,	 Jawa Barat, 	 Yogyakarta	, Jawa Timur	 ,NTB	, NTT	 ,Sulawesi Barat	, Sulawesi Tengah	, Sumatra Utara	, Kalimantan Tengah	, Gorontalo	, Sulawesi Utara, 	 Sulawesi Selatan	, Sulawesi Tenggara",,,,350.000.000,28%
02/06/2026 8:37:33,LAZIS Syuhada,Kab/Kota,Ahmad Syamsudin,085800349007,295.050.000,90,450,62,5,0,Daerah Istimewa Yogyakarta (DIY),,,,387.800.000,-24%
02/06/2026 8:40:58,Sukoharjo Peduli,Kab/Kota,Retno Listyani Kurniawan,085747883046,151.446.000,56,1.984,36,3,0,Jawa Tengah,,Palestina,,192.943.000,-22%
02/06/2026 9:48:06,LAZNAS LMI,Nasional,MUHAMMAD NUR WICAKSONO,085735643426,11.036.980.679,1.176,352.450,599,380,0,"ACEH, SUMATERA SELATAN, SUMATERA BARAT, KEPULAUAN RIAU, BANTEN, JAWA BARAT, DI YOGYAKARTA, JAWA TIMUR, BALI, NUSA TENGGARA TIMUR, KALIMANTAN BARAT, KALIMANTAN TENGAH, KALIMANTAN SELATAN, GORONTALO, SULAWESI SELATAN, MALUKU.",,"PALESTINA, KENYA, SOMALIA, MESIR, JORDANIA, LEBANON, SYIRIA",,7.946.392.479,39%
02/06/2026 10:10:09,Lazisnur,Kab/Kota,Aldi alfiansah,083175702769,30.584.000,13,147,8,1,0,Jawa barat,,Somalia,,32.950.000,-7%
02/06/2026 11:24:36,LAZ Azka Al Baitul Amien Jember,Kab/Kota,Ziadatul Fariha,08113634800,258.000.000,66,991,30,6,0,Jawa Timur,,,,165.000.000,56%
02/06/2026 11:57:03,LAZ Al Bunyan,Provinsi,Maulida Zakiah ,085894342344,3.057.000.000,817,17.578,124,99,0,Jawa Barat,,,,1.950.000.000,57%
02/06/2026 12:17:28,Yuk Peduli,Kab/Kota,NUR AYU IRANA,0882001151619,436.813.841,31,15.864,26,10,0,Jawa barat,,,,204.206.111,114%
02/06/2026 13:14:02,LAZ IBNU SINA,Kab/Kota,Fatma Yadizah,089650535172,78.100.000,26,439,14,2,0,"DKI Jakarta, Provinsi Aceh, Provinsi Jawa Barat, NTT",,Palestina,,40.700.000,92%
02/06/2026 13:14:07,LAZ BMBU Kota Bontang,Kab/Kota,AHMAD ADITYAREZA T.S,081222683229,146.883.721,267,6.500,13,40,0,"Kota Bontang, Desa Musi Rawas Sumatera Selatan, Aceh Tamiang, NTT",,Palestina,,886.981.554,-83%
02/06/2026 13:19:25,Sinergi Foundation,Provinsi,Waeli Mohdan,089603996138,1.639.139.000,437,48,288,38,0,"Aceh, Lampung, Jabar, Jatim, Bali, NTT, Sulsel",,"Pengungsian Palestina di Libanon, Chad",,1.096.730.422,49%
02/06/2026 13:35:13,LAZIS NURUL FALAH,Provinsi,MOHAMMAD AINUN NAJIB,089699505218,239.300.000,71,4.260,24,5,0,"jawa timur, NTT, Bekasi",,,,60.000.000,299%
02/06/2026 14:37:05,LAZNAS YDSF,Nasional,Rokhmad Hidayat,08155280453,4.433.450.000,1.181,53.960,924,86,0,"Aceh, Riau, Sulawei selatan, Kalimantan barat, Bali, NTB, NTT, Maluku Utara, Papua tengah, Jakarta, Jawa barat, Jawa tengah, Yogyakarta, Jawa Timur  ",,Palestina,,4.689.801.000,-5%
02/06/2026 14:45:58,LAZ MKU,Nasional,Nuria CItra,0821-3719-9177,2.550.100.000,520,22.699,198,86,0,"Jawa Barat, Jawa Tengah,DIY, Sumatera Barat, Aceh, Riau, Tangerang",,Palestina,,4.186.549.569,-39%
02/06/2026 14:46:02,Harapan Amal Mulia,Kab/Kota,Abdul Aziz Assalam,085775652868,107.686.257,53,2.728,43,3,0,"Jawa Barat, Aceh, Nusa Tenggaran Timur",,Palestina dan Sudan,,58.045.097,86%
02/06/2026 14:49:16,Pelopor Kepedulian,Kab/Kota,Galuh Puspitasari,083894206600,127.279.000,31,3.140,10,3,0,"Aceh, Tangerang, Tangeranh Selatan, Sukabumi, NTT, Lebak",,,,114.500.000,11%
02/06/2026 16:02:39,LAZ Harapan Dhuafa,Provinsi,Muhammad Aditya,085719250736,1.449.305.536,596,44.779,204,56,0,"Banten, Sumatera, Bogor",,Palestina,,1.382.832.500,5%
02/06/2026 16:19:17,LAZIS Jateng,Provinsi,Hana Syamila,081317406132,1.225.900.000,541,12.346,427,20,0,Jawa Tengah,,Palestina,,1.169.897.000,5%
02/06/2026 16:20:11,LAZIS Muhammadiyah (LAZISMU),Nasional,Risya Umami,081380680005,152.068.597.747,26441,7.626.790,3.197,50.419,0,DKI Jakarta  Banten  Jawa Barat DI Yogyakarta NTT Jawa Timur Sumatera Utara  Sumatera Barat Sumatera Selatan Jawa Tengah  Aceh Sulawesi Utara NTB Bali Kalimantan Selatan  Riau Lampung Kalimantan Barat Kalimantan Timur  Gorontalo  Sulawesi Selatan  Maluku Utara ,,"Palestina, Filipina ",,118.180.745.019,29%
02/06/2026 16:49:05,Sahabat Yatim Indonesia,Nasional,Yusuf Hizbullah,08985829200,1.031.366.421,458,6.060,255,29,0,"Bali, Banten, DI Yogyakarta, DKI Jakarta, Jawa Barat, Jawa Tengah, Jawa Timur, Kalimantan Selatan, Kalimantan Timur, Lampung, NTB, NTT, Sumatera Utara",,Mesir,,1.824.032.010,-43%
02/06/2026 19:30:09,Yayasan Gugus Karya Mandiri,Kab/Kota,Ryan,0895338013236,50.000.000,15,1.000,5,2,0,Jawa Barat,,,,40.000.000,25%
02/06/2026 20:35:53,Explore! Humanity,Kab/Kota,Sello Adiputra,081906606666,201.462.500,65,1.100,53,2,0,"Jawa Barat, Aceh",,"Sudan, Yordania",,150.000.000,34%
02/06/2026 22:05:30,Amaliah Astra,Nasional,Winarsih,087788533788,7.334.081.698,531,33.718,965,98,0,DKI Jakarta 173 Jawa Barat 78 Banten 28 Sumatera Utara 21 DI Yogyakarta 18 Jawa Timur 16 Riau 14 Jawa Tengah 12 Bali 11 Aceh 10 Nusa Tenggara Barat 10 Sumatera Barat 10 Kalimantan Timur 6 Sulawesi Selatan 6 Sumatera Selatan 5 Banda Aceh 5 Nusa Tenggara Timur 4 Kepulauan Riau 4 Lampung 3 Jambi 3 Sulawesi Utara 2 Kalimantan Tengah 2 Kalimantan Selatan 2 Gorontalo 1 Bengkulu 1 Kalimantan Barat 1 Sulawesi Tenggara 1 Sulawesi Tengah 1 Sumatra Barat 1 Sumatra Utara 1 Papua 1 Kepulauan Bangka Belitung,,,,6.618.042.500,11%
03/06/2026 4:34:06,Baitul Maal Timoho Sejahtera,Kab/Kota,Ari,085726152118,21.000.000,7,300,7,0,0,DIY,,,,9.000.000,133%
03/06/2026 8:33:57,LAZ KESEJAHTERAAN UMAT,Kab/Kota,SUTARNO,0856 4054 9539,63.835.000,26,693,22,4,0,Jawa Tengah,,,,39.100.000,63%
03/06/2026 8:37:26,LAZ Generasi Rabbani,Kab/Kota,Eko Jevrian Saputra,082377423052,274.850.000,88,1.695,14,13,0,Bengkulu,,Palestina,,149.309.000,84%
03/06/2026 8:48:24,LAZIS Khoiru Ummah,Kab/Kota,Imam Pratama Wicaksana,081333173710,407.400.000,195,3.500,146,7,0,Jawa Timur,,Palestina,,309.200.000,32%
03/06/2026 8:58:40,Baitul Maal BMT Beringharjo,Kab/Kota,Yanuar,08112658054,172.850.000,48,2.628,18,5,0,"DI Yogyakarta, Jawa Timur dan Jawa Barat",,,,111.650.000,55%
03/06/2026 9:09:50,MAI Foundation,Nasional,Dikalustian,08569014449,10.910.003.202,2.708,11.740,498,310,0,"Papu, Kalimantan Selatan, Kalimantan Utara, Sulawesi Selatan, Sulawesi Tenggara, Jawa Barat, Jawa Tengah, Jawa Timur, Bali, NTT, Maluku, DKI Jakarta, Sumatra Utara, Sumatra Barat, Sumatra Selatan, Aceh",,,,7.786.429.069,40%
03/06/2026 9:43:50,Itqan Peduli,Kab/Kota,Edwin Gafitra Setiawan,089655155174,341.953.500,92,2.706,15,11,0,Jawa Barat,,,,205.520.444,66%
03/06/2026 9:48:37,LAZ Hidayah Berbagi Indonesia,Kab/Kota,Agus Salim al-Hasan,082119353679,566.124.190,166,14.304,26,20,0,Jawa Barat,,,,217.290.000,161%
03/06/2026 9:59:37,DSM Bali,Provinsi,Ilham Khuzaifi,+62 812-3722-0377,2.082.922.953,605,42.444,405,62,0,"Bali, NTB, NTT, Jawa Timur, Jawa Tengah, Aceh",,Uganda,,2.039.077.991,2%
03/06/2026 10:04:21,Inisiatif Zakat Indonesia (IZI),Nasional,Herlan Fauzy,08115900209,9.168.697.177,2.774,38.418,678,296,0,"D.I Aceh, Sumatra Utara, Sumatra Barat, Riau, Bengkulu, Sumatra Selatan, Lampung, DKI Jakarta, Banten, Jawa Barat, Jawa Tengah, DIY, Jawa Timur, Kalimantan Utara, Kalimantan Timur, NTT, Sulawesi Tengah, Sulawesi Tenggara, Sulawesi Selatan",,"Palestina :  Gaza, Tepi Barat",,9.093.866.302,1%
03/06/2026 10:13:58,Sedekah Harian,Kab/Kota,Nuraini Latifa,0856-0777-7121,1.340.349,1,50,1,0,0,Banten,,,,0,0%
03/06/2026 10:17:41,Bangkit Foundation,Kab/Kota,Rini Kurniawati,085319182094,77.600.000,20,2.180,21,0,0,Lampung,,,,47.800.000,62%
03/06/2026 10:27:56,LAZIS Sultan Agung,Provinsi,Riniie Chandra,082226495558,143.300.000,38,1.150,38,3,0,Jawa Tengah,,,,37.000.000,287%
03/06/2026 10:28:44,TAMAN ZAKAT INDONESIA,Provinsi,MUHAMMAD HASAN MA'RUF,085119990026,280.680.043,108,8.285,77,5,0,Jawa timur dan Aceh,,Mesir,,254.744.000,10%
03/06/2026 10:32:01,LAZ Rumah Peduli Umat,Kab/Kota,Aos Wiharjono,087805755331,255.700.000,69,2.743,12,10,0,Jawa Barat,,Palestina,,285.785.000,-11%
03/06/2026 10:51:39,Sahabat Asnaf Indonesia,Kab/Kota,YUYUN ARIYANTO,0895378136486,1.101.900.000,255,13.265,155,21,0,Jawa Tengah  ,,Uganda dan Kenya ,,805.294.437,37%
03/06/2026 11:04:31,LAZ DASI NTB,Provinsi,Yeni Fentiani,081907385749,4.057.052.600,2.605,222.920,64,363,0,Nusa Tenggara Barat,,,,3.234.714.400,25%
03/06/2026 11:09:50,Rumah Sosial KUTUB (R-SIK),Kab/Kota,Muhammad Abdel Achrian,087774843421,87.686.495,37,955,9,4,0,"DKI Jakarta, Sulawesi Barat, NTT, Jawa Timur",,,,219.429.000,-60%
03/06/2026 11:26:45,LAZ Masjid Raya Bintaro (LAZ MRBJ),Kab/Kota,USMAN EFENDI,081398718772,1.903.185.000,510,3.760,138,62,0,"Aceh, Bandung dan Solo ",,"Uganda, Palestina",,1.590.250.000,20%
03/06/2026 11:43:49,ZIS Indosat,Nasional,Syafrizal,081510567797,2.638.877.000,347,47.700,162,78,0,"Jawa Barat, Nusa Tenggara Timur, Nusa Tenggara Barat, Aceh, Jawa Timur, dan Sulawesi Barat",,"Palestina, Suriah, Jordania, Lebanon dan Somalia",,0,0%
03/06/2026 13:09:41,Inovasi Zakat Indonesia,Kab/Kota,Achmad Zaeruki ,+62 823-1024-0504,127.470.000,63,932,7,8,0,"Sumatera, DKI Jakarta,  Nusa Tenggara Timur, Gaza",,Palestina,,139.300.000,-8%
03/06/2026 13:53:53,LAZNAS Mizan Amanah,Nasional,M Irfan,085721577474,810.100.000,340,5,280,13,0,"Banten, DKI Jakarta, Jawa Barat, Jawa Tengah, Jawa Timur, DI Yogyakarta, Kalimantan Selatan, Kalimantan Timur, Riau, Aceh, Nusa Tenggara Barat",,,,1.107.018.000,-27%
03/06/2026 14:25:13,LAZ RIZKI,Kab/Kota,Hudzaifah Musyaffa,085335674030,742.300.000,441,5.623,415,11,0,Jawa Timur,,Palestina,,743.650.000,0%
03/06/2026 14:25:54,LAZ DPU Kaltim,Provinsi,Rahmadaniah,081258066045,3.677.146.000,1091,13.085,58,158,0,Kalimantan Timur,,Palestina,,843.542.000,336%
03/06/2026 14:26:51,LAZ Ummul Quro,Provinsi,Syilviya Romandika,081553022648,11.913.900.000,3.409,242.010,987,354,0,"Jawa Timur, Sulawesi Tengah",,Palestina,,7.903.862.850,51%
03/06/2026 14:34:41,LAZNAS Yatim Mandiri,Nasional,SRI ADAM DEWI STYANINGRAT,6285784879570,2.899.732.699,805,55.903,243,125,0,"12 Provinsi (BANTEN, D.I.YOGYAKARTA, DKI JAKARTA, JAWA BARAT, JAWA TENGAH, JAWA TIMUR, KALIMANTAN TIMUR, KEPULAUAN RIAU, LAMPUNG, SULAWESI SELATAN, SUMATERA SELATAN, SUMATERA UTARA.",,PALESTINA,,2.452.729.167,18%
03/06/2026 14:59:53,LAZ Balqis Peduli,Kab/Kota,Priyo Arif M,08158050904,130.368.550,170,3.387,24,6,0,Daerah Istimewa Yogyakarta,,,,114.620.000,14%
03/06/2026 15:07:09,LAZ Zakat Sukses,Provinsi,Aisyah,08568120805,1.749.493.924,411,39.740,262,75,0,"Jawa Barat, Aceh, Sumatra Utara, Jawa Timur",,"Palestina, Somalia dan Sudan",,1.597.859.394,9%
03/06/2026 15:46:21,LAZ YASA Malang,Kab/Kota,Hanny,082142766026,624.240.103,141,5.262,77,4,0,Jawa Timur ,,,,812.994.900,-23%
03/06/2026 16:02:11,LAZIS Baiturrahman,Kab/Kota,Rif'an Jalali,081315774985,301.000.000,45,2.316,22,8,0,Jawa Tengah,,,,274.500.000,10%
03/06/2026 16:02:35,LAZIS UNISIA,Provinsi,Dinna Rahmawati,085728008809,212.750.000,50,1.516,31,6,0,Yogyakarta,,,,181.400.000,17%
03/06/2026 16:21:43,LAZ Persada Jatim Indonesia,Provinsi,Agus Triyono ,085790333002,594.396.000,351,8.060,260,13,0,Jawa Timur ,,,,812.730.000,-27%
03/06/2026 17:04:02,Rumah Zakat,Nasional,Aryo Sudarsono,08122133484,32.900.000.000,7535,103.666,6.709,1.096,0,"Bali, Banten, DKI Jakarta, Jambi, Jawa Barat, Jawa tengah, Jawa Timur, Kalimantan Barat, Kalimantan Selatan, Kalimantan Timur, Kepulauan Riau, Lampung, Maluku, Nusa Tenggara Barat, Nusa tenggara Timur, Papua, Riau, Sulawesi Barat, Sulawesi Selatan, Sumatera Barat, Sumatera Selatan, Sumatera Utara, Yogyakarta, Aceh",,Palestina,,37.800.000.000,-13%
03/06/2026 17:14:53,Baitulmaal Munzalan Indonesia,Nasional,Annisa Illiyin ,082233446889,4.259.686.460,1.214,68.122,549,196,0,"Aceh, Kepulauan Riau, Jambi, Lampung, Sumatra Barat, Bangka Belitung, Banten, Jawa Barat, DKI Jakarta, Jawa Tengah, Jawa Timur, DI Yogyakarta, Kalimantan Barat, Kalimantan Tengah, Kalimantan Timur, Kalimantan Utara, Kalimantan Selatan, Kalimantan Tengah, Sulawesi Selatan, Sulawesi Tengah, Sulawesi Utara, Maluku Utara, Sulawesi Barat, Maluku, Gorontalo",,,,3.962.177.526,8%
03/06/2026 17:25:49,BSI Maslahat,Nasional,Sunarto,085275511173,54.400.000.000,5.356,279.023,27.902,0,0,Seluruh Provinsi,,"Pengungsi Palestina di Lebanon, Jordan serta Suriah.",,28.900.000.000,88%
03/06/2026 18:21:30,Saku Yatim,Kab/Kota,Andy Prastiawan Firdianto,085210167261,260.750.002,97,2.831,66,4,0,Jawa Timur,,,,275.500.000,-5%
03/06/2026 20:44:07,Solo Peduli,Provinsi,Hanifah Jilan Fatihah,081393021004,3.260.423.000,815,99.392,687,74,0,Jawa Tengah,,Palestina,,2.271.425.000,44%
03/06/2026 21:32:33,LAZIS Agnia Care,Nasional,Fitri Sukiman Sumardi Putri,081328183054,3.192.152.500,854,88.428,113,123,0,"Jawa Barat, Jawa Tengah, Sulawesi Selatan, Kalimantan Selatan, Bandar Lampung, DKI Jakarta, Banten",,,,747.000.000,327%
04/06/2026 8:21:33,STF UIN Syarif Hidayatullah,Provinsi,Gita,08119239913,294.100.000,105,2.775,19,23,0,"Banten, Jawa Barat",,,,216.597.100,36%
04/06/2026 9:48:24,LAZIS Pesantren Al Hilal,#N/A,Putri Anna Fitriya,0895376754526,1.347.723.544,881,10.492,256,37,0,Jawa Barat,,-,,1.459.331.951,"-0,07647910876"